{"cameraMode":{"drawMode":0,"name":"Shaded","section":"Shading Mode"},"sceneLighting":true,"audioPlay":false,"sceneViewState":{"showFog":true,"showMaterialUpdate":false,"showSkybox":true,"showFlares":true,"showImageEffects":true,"showParticleSystems":true},"in2DMode":false,"pivot":{"x":0.3405470848083496,"y":-0.39217185974121096,"z":6.7033891677856449},"rotation":{"x":0.16364485025405885,"y":0.20263457298278809,"z":-0.03436095267534256,"w":0.9648876190185547},"size":8.528987884521485,"orthographic":false}