{"cameraMode":{"drawMode":0,"name":"Shaded","section":"Shading Mode"},"sceneLighting":true,"audioPlay":false,"sceneViewState":{"showFog":true,"showMaterialUpdate":false,"showSkybox":true,"showFlares":true,"showImageEffects":true,"showParticleSystems":true},"in2DMode":false,"pivot":{"x":0.7377994060516357,"y":1.4356558322906495,"z":-0.06171397864818573},"rotation":{"x":0.32262325286865237,"y":-0.0014196624979376793,"z":0.0004838711756747216,"w":0.9465264081954956},"size":4.386789321899414,"orthographic":false}