{"cameraMode":{"drawMode":0,"name":"Shaded","section":"Shading Mode"},"sceneLighting":true,"audioPlay":false,"sceneViewState":{"showFog":true,"showMaterialUpdate":false,"showSkybox":true,"showFlares":true,"showImageEffects":true,"showParticleSystems":true},"in2DMode":false,"pivot":{"x":-0.09444725513458252,"y":1.0,"z":-0.12996113300323487},"rotation":{"x":-0.06573648750782013,"y":0.933478832244873,"z":-0.22843880951404572,"w":-0.26863229274749758},"size":2.1247448921203615,"orthographic":false}